,date,feature_avg_mood,feature_var_mood,feature_screen_time,feature_apps_time,feature_avg_arousal,feature_var_arousal,feature_social_contact,feature_gaming
0,2014-02-17,,,,,,,6.0,
1,2014-02-18,,,,,,,23.0,
2,2014-02-19,,,,,,,27.0,
3,2014-02-20,,,,,,,28.0,
4,2014-02-21,,,,,,,31.0,
5,2014-02-22,,,,,,,46.0,
6,2014-02-23,,,,,,,52.0,
7,2014-02-24,,,,,,,53.0,
8,2014-02-26,,,,,,,34.0,
9,2014-02-27,,,,,,,40.0,
10,2014-02-28,,,,,,,42.0,
11,2014-03-01,,,,,,,62.0,
12,2014-03-02,,,,,,,44.0,
13,2014-03-03,,,,,,,50.0,
14,2014-03-04,,,,,,,51.0,
15,2014-03-05,,,,,,,73.0,
16,2014-03-06,,,,,,,54.0,
17,2014-03-07,,,,,,,79.0,
18,2014-03-08,,,,,,,67.0,
19,2014-03-09,,,,,,,22.0,
20,2014-03-10,,,,,,,89.0,
21,2014-03-11,,,,,,,68.0,
22,2014-03-12,,,,,,,69.0,
23,2014-03-13,,,,,,,70.0,
24,2014-03-15,,,,,,,95.0,
25,2014-03-16,,,,,,,24.0,
26,2014-03-17,,,,,,,72.0,
27,2014-03-18,,,,,,,73.0,
28,2014-03-19,,,,,,,74.0,
29,2014-03-21,,,,,,,77.0,
30,2014-03-22,,,,,,,25.0,
31,2014-03-23,7.5,0.25,,,0.5,0.25,27.0,
32,2014-03-24,7.2,0.15999999999999998,,,0.0,0.4,106.0,
33,2014-03-25,7.0,0.2222222222222222,,,-0.1111111111111111,0.3209876543209877,,
34,2014-03-26,6.846153846153846,0.28402366863905326,,,0.07692307692307693,0.37869822485207105,79.0,
35,2014-03-27,6.705882352941177,0.32525951557093424,,,0.0,0.35294117647058826,,
36,2014-03-28,6.9523809523809526,0.5215419501133786,,,0.0,0.38095238095238093,82.0,
37,2014-03-29,7.16,0.6944000000000001,,,-0.04,0.4384,82.0,
38,2014-03-30,7.137931034482759,0.6016646848989299,,,0.0,0.41379310344827586,,
39,2014-03-31,7.121212121212121,0.6519742883379247,,,0.09090909090909091,0.4462809917355371,,
40,2014-04-01,7.054054054054054,0.6997808619430241,,,0.13513513513513514,0.4411979547114683,114.0,
41,2014-04-02,7.0,0.6829268292682927,,,0.12195121951219512,0.3997620464009518,30.0,
42,2014-04-03,7.0,0.6666666666666666,,,0.08888888888888889,0.39209876543209865,,
43,2014-04-04,7.020833333333333,0.6870659722222222,,,0.14583333333333334,0.41623263888888884,85.0,
44,2014-04-05,7.096153846153846,0.7022928994082842,,,0.21153846153846154,0.43602071005917153,119.0,
45,2014-04-06,7.072727272727272,0.685619834710744,,,0.2,0.41454545454545455,,
46,2014-04-07,7.068965517241379,0.6504161712247325,,,0.1896551724137931,0.3950653983353151,33.0,
47,2014-04-08,7.032258064516129,0.6441207075962537,,,0.16129032258064516,0.39334027055150883,,
48,2014-04-09,7.0,0.6363636363636364,,,0.15151515151515152,0.3709825528007346,,
49,2014-04-10,6.985714285714286,0.6426530612244898,,,0.12857142857142856,0.3691836734693879,,
50,2014-04-11,6.972972972972973,0.7019722425127832,,,0.17567567567567569,0.3880569758948137,129.0,
51,2014-04-12,7.0,0.7012987012987013,,,0.2077922077922078,0.3983808399392814,,
52,2014-04-13,7.0,0.6666666666666666,6149.781000375753,627.954,0.18518518518518517,0.39780521262002744,,
53,2014-04-13,7.0,0.6666666666666666,6149.781000375753,143047.16999999998,0.18518518518518517,0.39780521262002744,,
54,2014-04-13,7.0,0.6666666666666666,6149.781000375753,242034.77399999998,0.18518518518518517,0.39780521262002744,,
55,2014-04-13,7.0,0.6666666666666666,6149.781000375753,244783.09399999998,0.18518518518518517,0.39780521262002744,,
56,2014-04-13,7.0,0.6666666666666666,6149.781000375753,251287.74599999998,0.18518518518518517,0.39780521262002744,,
57,2014-04-13,7.0,0.6666666666666666,6149.781000375753,367379.223,0.18518518518518517,0.39780521262002744,,
58,2014-04-14,7.023529411764706,0.6582698961937714,12254.768000125889,1751.641,0.2,0.39529411764705885,97.0,
59,2014-04-14,7.023529411764706,0.6582698961937714,12254.768000125889,144098.799,0.2,0.39529411764705885,97.0,
60,2014-04-14,7.023529411764706,0.6582698961937714,12254.768000125889,242058.05399999997,0.2,0.39529411764705885,97.0,
61,2014-04-14,7.023529411764706,0.6582698961937714,12254.768000125889,244818.348,0.2,0.39529411764705885,97.0,
62,2014-04-14,7.023529411764706,0.6582698961937714,12254.768000125889,254056.538,0.2,0.39529411764705885,97.0,
63,2014-04-14,7.023529411764706,0.6582698961937714,12254.768000125889,367409.461,0.2,0.39529411764705885,97.0,
64,2014-04-15,7.01123595505618,0.6403231915162226,20858.77699899674,4384.739,0.20224719101123595,0.38606236586289616,36.0,
65,2014-04-15,7.01123595505618,0.6403231915162226,20858.77699899674,144694.77899999998,0.20224719101123595,0.38606236586289616,36.0,
66,2014-04-15,7.01123595505618,0.6403231915162226,20858.77699899674,244703.305,0.20224719101123595,0.38606236586289616,36.0,
67,2014-04-15,7.01123595505618,0.6403231915162226,20858.77699899674,244861.65099999998,0.20224719101123595,0.38606236586289616,36.0,
68,2014-04-15,7.01123595505618,0.6403231915162226,20858.77699899674,259398.547,0.20224719101123595,0.38606236586289616,36.0,
69,2014-04-16,7.010752688172043,0.6342929818476125,24365.296999692924,25422.631999999998,0.20430107526881722,0.3776159093536825,133.0,
70,2014-04-16,7.010752688172043,0.6342929818476125,24365.296999692924,145120.836,0.20430107526881722,0.3776159093536825,133.0,
71,2014-04-16,7.010752688172043,0.6342929818476125,24365.296999692924,244915.94799999997,0.20430107526881722,0.3776159093536825,133.0,
72,2014-04-16,7.010752688172043,0.6342929818476125,24365.296999692924,260859.74,0.20430107526881722,0.3776159093536825,133.0,
73,2014-04-16,7.010752688172043,0.6342929818476125,24365.296999692924,365366.099,0.20430107526881722,0.3776159093536825,133.0,
74,2014-04-17,6.969072164948454,0.6691465618025294,30436.726000308994,26995.969999999994,0.1958762886597938,0.3843128919119991,,
75,2014-04-17,6.969072164948454,0.6691465618025294,30436.726000308994,147383.278,0.1958762886597938,0.3843128919119991,,
76,2014-04-17,6.969072164948454,0.6691465618025294,30436.726000308994,244951.188,0.1958762886597938,0.3843128919119991,,
77,2014-04-17,6.969072164948454,0.6691465618025294,30436.726000308994,263085.81299999997,0.1958762886597938,0.3843128919119991,,
78,2014-04-17,6.969072164948454,0.6691465618025294,30436.726000308994,364993.457,0.1958762886597938,0.3843128919119991,,
79,2014-04-18,6.99009900990099,0.6632683070287227,40879.36500048638,31521.269999999997,0.2079207920792079,0.40231349867660043,42.0,
80,2014-04-18,6.99009900990099,0.6632683070287227,40879.36500048638,150559.53199999998,0.2079207920792079,0.40231349867660043,42.0,
81,2014-04-18,6.99009900990099,0.6632683070287227,40879.36500048638,244996.813,0.2079207920792079,0.40231349867660043,42.0,
82,2014-04-18,6.99009900990099,0.6632683070287227,40879.36500048638,269144.31299999997,0.2079207920792079,0.40231349867660043,42.0,
83,2014-04-19,7.0285714285714285,0.6753741496598641,44048.986001014724,43049.926,0.23809523809523808,0.40997732426303857,,
84,2014-04-19,7.0285714285714285,0.6753741496598641,44048.986001014724,151577.577,0.23809523809523808,0.40997732426303857,,
85,2014-04-19,7.0285714285714285,0.6753741496598641,44048.986001014724,245031.157,0.23809523809523808,0.40997732426303857,,
86,2014-04-19,7.0285714285714285,0.6753741496598641,44048.986001014724,270088.977,0.23809523809523808,0.40997732426303857,,
87,2014-04-20,7.064220183486238,0.6839491625284068,51158.670000553146,43397.437999999995,0.26605504587155965,0.4154532446763741,,
88,2014-04-20,7.064220183486238,0.6839491625284068,51158.670000553146,152424.064,0.26605504587155965,0.4154532446763741,,
89,2014-04-20,7.064220183486238,0.6839491625284068,51158.670000553146,242096.232,0.26605504587155965,0.4154532446763741,,
90,2014-04-20,7.064220183486238,0.6839491625284068,51158.670000553146,245073.455,0.26605504587155965,0.4154532446763741,,
91,2014-04-20,7.064220183486238,0.6839491625284068,51158.670000553146,274678.80299999996,0.26605504587155965,0.4154532446763741,,
92,2014-04-20,7.064220183486238,0.6839491625284068,51158.670000553146,367379.223,0.26605504587155965,0.4154532446763741,,
93,2014-04-21,7.04424778761062,0.6794580624951054,58855.75500106813,44218.003,0.24778761061946902,0.4164774062181848,,
94,2014-04-21,7.04424778761062,0.6794580624951054,58855.75500106813,154532.973,0.24778761061946902,0.4164774062181848,,
95,2014-04-21,7.04424778761062,0.6794580624951054,58855.75500106813,242096.232,0.24778761061946902,0.4164774062181848,,
96,2014-04-21,7.04424778761062,0.6794580624951054,58855.75500106813,245106.77,0.24778761061946902,0.4164774062181848,,
97,2014-04-21,7.04424778761062,0.6794580624951054,58855.75500106813,278952.082,0.24778761061946902,0.4164774062181848,,
98,2014-04-21,7.04424778761062,0.6794580624951054,58855.75500106813,367379.223,0.24778761061946902,0.4164774062181848,,
99,2014-04-22,7.051724137931035,0.6697384066587398,66409.6390030384,50756.59999999999,0.25862068965517243,0.41587395957193807,,
100,2014-04-22,7.051724137931035,0.6697384066587398,66409.6390030384,157158.28999999998,0.25862068965517243,0.41587395957193807,,
101,2014-04-22,7.051724137931035,0.6697384066587398,66409.6390030384,245140.93899999998,0.25862068965517243,0.41587395957193807,,
102,2014-04-22,7.051724137931035,0.6697384066587398,66409.6390030384,280923.33499999996,0.25862068965517243,0.41587395957193807,,
103,2014-04-22,7.051724137931035,0.6697384066587398,66409.6390030384,365366.099,0.25862068965517243,0.41587395957193807,,
104,2014-04-22,7.051724137931035,0.6697384066587398,66409.6390030384,367410.475,0.25862068965517243,0.41587395957193807,,
105,2014-04-23,7.016666666666667,0.6997222222222221,72961.64300346376,52254.479,0.25833333333333336,0.4082638888888889,139.0,
106,2014-04-23,7.016666666666667,0.6997222222222221,72961.64300346376,158537.31299999997,0.25833333333333336,0.4082638888888889,139.0,
107,2014-04-23,7.016666666666667,0.6997222222222221,72961.64300346376,242096.232,0.25833333333333336,0.4082638888888889,139.0,
108,2014-04-23,7.016666666666667,0.6997222222222221,72961.64300346376,245185.685,0.25833333333333336,0.4082638888888889,139.0,
109,2014-04-23,7.016666666666667,0.6997222222222221,72961.64300346376,283591.327,0.25833333333333336,0.4082638888888889,139.0,
110,2014-04-23,7.016666666666667,0.6997222222222221,72961.64300346376,367410.475,0.25833333333333336,0.4082638888888889,139.0,
111,2014-04-24,6.975806451612903,0.7494146722164412,80395.63700437549,59538.007999999994,0.25,0.41330645161290325,98.0,
112,2014-04-24,6.975806451612903,0.7494146722164412,80395.63700437549,162202.853,0.25,0.41330645161290325,98.0,
113,2014-04-24,6.975806451612903,0.7494146722164412,80395.63700437549,242096.232,0.25,0.41330645161290325,98.0,
114,2014-04-24,6.975806451612903,0.7494146722164412,80395.63700437549,245219.19799999997,0.25,0.41330645161290325,98.0,
115,2014-04-24,6.975806451612903,0.7494146722164412,80395.63700437549,285273.564,0.25,0.41330645161290325,98.0,
116,2014-04-24,6.975806451612903,0.7494146722164412,80395.63700437549,365535.519,0.25,0.41330645161290325,98.0,
117,2014-04-24,6.975806451612903,0.7494146722164412,80395.63700437549,367431.598,0.25,0.41330645161290325,98.0,
118,2014-04-25,6.96875,0.7490234375,90134.24400520328,67183.70199999999,0.25,0.40625,98.0,
119,2014-04-25,6.96875,0.7490234375,90134.24400520328,166389.83599999998,0.25,0.40625,98.0,
120,2014-04-25,6.96875,0.7490234375,90134.24400520328,242096.232,0.25,0.40625,98.0,
121,2014-04-25,6.96875,0.7490234375,90134.24400520328,245262.87199999997,0.25,0.40625,98.0,
122,2014-04-25,6.96875,0.7490234375,90134.24400520328,288616.37,0.25,0.40625,98.0,
123,2014-04-25,6.96875,0.7490234375,90134.24400520328,364993.457,0.25,0.40625,98.0,
124,2014-04-25,6.96875,0.7490234375,90134.24400520328,367527.36699999997,0.25,0.40625,98.0,
125,2014-04-26,7.0,0.7575757575757576,96007.64400506021,67991.296,0.2727272727272727,0.4104683195592286,100.0,
126,2014-04-26,7.0,0.7575757575757576,96007.64400506021,169663.85700000002,0.2727272727272727,0.4104683195592286,100.0,
127,2014-04-26,7.0,0.7575757575757576,96007.64400506021,242096.232,0.2727272727272727,0.4104683195592286,100.0,
128,2014-04-26,7.0,0.7575757575757576,96007.64400506021,245289.517,0.2727272727272727,0.4104683195592286,100.0,
129,2014-04-26,7.0,0.7575757575757576,96007.64400506021,290257.02099999995,0.2727272727272727,0.4104683195592286,100.0,
130,2014-04-26,7.0,0.7575757575757576,96007.64400506021,365037.532,0.2727272727272727,0.4104683195592286,100.0,
131,2014-04-27,7.022058823529412,0.7568663494809689,98347.55100560191,68663.17799999999,0.2867647058823529,0.410413062283737,146.0,
132,2014-04-27,7.022058823529412,0.7568663494809689,98347.55100560191,170178.04599999997,0.2867647058823529,0.410413062283737,146.0,
133,2014-04-27,7.022058823529412,0.7568663494809689,98347.55100560191,242123.41999999998,0.2867647058823529,0.410413062283737,146.0,
134,2014-04-27,7.022058823529412,0.7568663494809689,98347.55100560191,245330.92699999997,0.2867647058823529,0.410413062283737,146.0,
135,2014-04-27,7.022058823529412,0.7568663494809689,98347.55100560191,291119.025,0.2867647058823529,0.410413062283737,146.0,
136,2014-04-27,7.022058823529412,0.7568663494809689,98347.55100560191,365097.778,0.2867647058823529,0.410413062283737,146.0,
137,2014-04-27,7.022058823529412,0.7568663494809689,98347.55100560191,367527.36699999997,0.2867647058823529,0.410413062283737,146.0,
138,2014-04-28,7.05,0.7617857142857143,103977.02000403407,69303.601,0.30714285714285716,0.4128061224489795,106.0,
139,2014-04-28,7.05,0.7617857142857143,103977.02000403407,172726.952,0.30714285714285716,0.4128061224489795,106.0,
140,2014-04-28,7.05,0.7617857142857143,103977.02000403407,242321.83899999998,0.30714285714285716,0.4128061224489795,106.0,
141,2014-04-28,7.05,0.7617857142857143,103977.02000403407,245367.28199999998,0.30714285714285716,0.4128061224489795,106.0,
142,2014-04-28,7.05,0.7617857142857143,103977.02000403407,292666.574,0.30714285714285716,0.4128061224489795,106.0,
143,2014-04-28,7.05,0.7617857142857143,103977.02000403407,367379.223,0.30714285714285716,0.4128061224489795,106.0,
144,2014-04-29,7.048611111111111,0.7684702932098766,108471.79900598529,70622.216,0.3125,0.4092881944444444,,
145,2014-04-29,7.048611111111111,0.7684702932098766,108471.79900598529,173806.56199999998,0.3125,0.4092881944444444,,
146,2014-04-29,7.048611111111111,0.7684702932098766,108471.79900598529,245413.97499999998,0.3125,0.4092881944444444,,
147,2014-04-29,7.048611111111111,0.7684702932098766,108471.79900598529,294315.841,0.3125,0.4092881944444444,,
148,2014-04-29,7.048611111111111,0.7684702932098766,108471.79900598529,367550.53099999996,0.3125,0.4092881944444444,,
149,2014-04-30,7.027027027027027,0.7695398100803507,115997.9340052605,71661.136,0.2972972972972973,0.41161431701972234,,
150,2014-04-30,7.027027027027027,0.7695398100803507,115997.9340052605,177933.903,0.2972972972972973,0.41161431701972234,,
151,2014-04-30,7.027027027027027,0.7695398100803507,115997.9340052605,242322.843,0.2972972972972973,0.41161431701972234,,
152,2014-04-30,7.027027027027027,0.7695398100803507,115997.9340052605,245452.563,0.2972972972972973,0.41161431701972234,,
153,2014-04-30,7.027027027027027,0.7695398100803507,115997.9340052605,295914.184,0.2972972972972973,0.41161431701972234,,
154,2014-05-01,7.026315789473684,0.775623268698061,121532.75200510026,74607.681,0.2894736842105263,0.4162049861495845,110.0,
155,2014-05-01,7.026315789473684,0.775623268698061,121532.75200510026,179047.40500000003,0.2894736842105263,0.4162049861495845,110.0,
156,2014-05-01,7.026315789473684,0.775623268698061,121532.75200510026,245478.808,0.2894736842105263,0.4162049861495845,110.0,
157,2014-05-01,7.026315789473684,0.775623268698061,121532.75200510026,297194.229,0.2894736842105263,0.4162049861495845,110.0,
158,2014-05-02,7.038461538461538,0.7677514792899409,126257.22500586511,75320.544,0.28846153846153844,0.4232001972386588,,
159,2014-05-02,7.038461538461538,0.7677514792899409,126257.22500586511,180701.35499999998,0.28846153846153844,0.4232001972386588,,
160,2014-05-02,7.038461538461538,0.7677514792899409,126257.22500586511,242614.56399999998,0.28846153846153844,0.4232001972386588,,
161,2014-05-02,7.038461538461538,0.7677514792899409,126257.22500586511,245521.275,0.28846153846153844,0.4232001972386588,,
162,2014-05-02,7.038461538461538,0.7677514792899409,126257.22500586511,298838.177,0.28846153846153844,0.4232001972386588,,
163,2014-05-02,7.038461538461538,0.7677514792899409,126257.22500586511,365100.799,0.28846153846153844,0.4232001972386588,,
164,2014-05-02,7.038461538461538,0.7677514792899409,126257.22500586511,365756.838,0.28846153846153844,0.4232001972386588,,
165,2014-05-02,7.038461538461538,0.7677514792899409,126257.22500586511,367550.53099999996,0.28846153846153844,0.4232001972386588,,
166,2014-05-03,7.05625,0.7655859374999999,130147.6550073624,76517.03,0.2875,0.42984375000000014,112.0,
167,2014-05-03,7.05625,0.7655859374999999,130147.6550073624,181783.332,0.2875,0.42984375000000014,112.0,
168,2014-05-03,7.05625,0.7655859374999999,130147.6550073624,242640.936,0.2875,0.42984375000000014,112.0,
169,2014-05-03,7.05625,0.7655859374999999,130147.6550073624,245553.696,0.2875,0.42984375000000014,112.0,
170,2014-05-03,7.05625,0.7655859374999999,130147.6550073624,301854.547,0.2875,0.42984375000000014,112.0,
171,2014-05-04,7.060975609756097,0.7523795359904819,134549.2780070305,76915.10999999999,0.2865853658536585,0.43616151100535394,,
172,2014-05-04,7.060975609756097,0.7523795359904819,134549.2780070305,182155.70400000003,0.2865853658536585,0.43616151100535394,,
173,2014-05-04,7.060975609756097,0.7523795359904819,134549.2780070305,242640.936,0.2865853658536585,0.43616151100535394,,
174,2014-05-04,7.060975609756097,0.7523795359904819,134549.2780070305,245595.984,0.2865853658536585,0.43616151100535394,,
175,2014-05-04,7.060975609756097,0.7523795359904819,134549.2780070305,303883.69999999995,0.2865853658536585,0.43616151100535394,,
176,2014-05-05,7.053892215568863,0.757574671017247,138547.60100746158,77779.30299999999,0.2874251497005988,0.4323568431998279,45.0,
177,2014-05-05,7.053892215568863,0.757574671017247,138547.60100746158,182701.464,0.2874251497005988,0.4323568431998279,45.0,
178,2014-05-05,7.053892215568863,0.757574671017247,138547.60100746158,242640.936,0.2874251497005988,0.4323568431998279,45.0,
179,2014-05-05,7.053892215568863,0.757574671017247,138547.60100746158,245620.30599999998,0.2874251497005988,0.4323568431998279,45.0,
180,2014-05-05,7.053892215568863,0.757574671017247,138547.60100746158,306168.951,0.2874251497005988,0.4323568431998279,45.0,
181,2014-05-06,,,145388.87100815776,78649.978,,,157.0,
182,2014-05-06,,,145388.87100815776,183168.84199999998,,,157.0,
183,2014-05-06,,,145388.87100815776,242640.936,,,157.0,
184,2014-05-06,,,145388.87100815776,311150.956,,,157.0,
185,2014-05-06,,,145388.87100815776,365841.375,,,157.0,
186,2014-05-07,7.052631578947368,0.7633117882425361,147939.8510079384,79301.162,0.2807017543859649,0.4358264081255772,113.0,
187,2014-05-07,7.052631578947368,0.7633117882425361,147939.8510079384,183569.023,0.2807017543859649,0.4358264081255772,113.0,
188,2014-05-07,7.052631578947368,0.7633117882425361,147939.8510079384,245645.62799999997,0.2807017543859649,0.4358264081255772,113.0,
189,2014-05-07,7.052631578947368,0.7633117882425361,147939.8510079384,312522.795,0.2807017543859649,0.4358264081255772,113.0,
190,2014-05-07,7.052631578947368,0.7633117882425361,147939.8510079384,365841.375,0.2807017543859649,0.4358264081255772,113.0,
191,2014-05-08,7.045714285714285,0.7636244897959183,157014.45900774005,92390.26000000001,0.26857142857142857,0.43644081632653053,,
192,2014-05-08,7.045714285714285,0.7636244897959183,157014.45900774005,186051.48700000002,0.26857142857142857,0.43644081632653053,,
193,2014-05-08,7.045714285714285,0.7636244897959183,157014.45900774005,243785.319,0.26857142857142857,0.43644081632653053,,
194,2014-05-08,7.045714285714285,0.7636244897959183,157014.45900774005,245671.95399999997,0.26857142857142857,0.43644081632653053,,
195,2014-05-08,7.045714285714285,0.7636244897959183,157014.45900774005,314101.60199999996,0.26857142857142857,0.43644081632653053,,
196,2014-05-08,7.045714285714285,0.7636244897959183,157014.45900774005,366755.779,0.26857142857142857,0.43644081632653053,,
197,2014-05-08,7.045714285714285,0.7636244897959183,157014.45900774005,367613.146,0.26857142857142857,0.43644081632653053,,
198,2014-05-09,7.039106145251397,0.7638338378951967,165168.3770067692,93748.97499999999,0.2681564245810056,0.4420586124028588,,
199,2014-05-09,7.039106145251397,0.7638338378951967,165168.3770067692,188704.54599999997,0.2681564245810056,0.4420586124028588,,
200,2014-05-09,7.039106145251397,0.7638338378951967,165168.3770067692,243829.531,0.2681564245810056,0.4420586124028588,,
201,2014-05-09,7.039106145251397,0.7638338378951967,165168.3770067692,245727.38999999998,0.2681564245810056,0.4420586124028588,,
202,2014-05-09,7.039106145251397,0.7638338378951967,165168.3770067692,317393.125,0.2681564245810056,0.4420586124028588,,
203,2014-05-09,7.039106145251397,0.7638338378951967,165168.3770067692,366799.989,0.2681564245810056,0.4420586124028588,,
204,2014-05-09,7.039106145251397,0.7638338378951967,165168.3770067692,367379.223,0.2681564245810056,0.4420586124028588,,
205,2014-05-09,7.039106145251397,0.7638338378951967,165168.3770067692,367613.146,0.2681564245810056,0.4420586124028588,,
206,2014-05-10,7.060109289617486,0.7668786765803696,171142.9000067711,94734.654,0.28415300546448086,0.4438472334199289,164.0,
207,2014-05-10,7.060109289617486,0.7668786765803696,171142.9000067711,190219.54599999997,0.28415300546448086,0.4438472334199289,164.0,
208,2014-05-10,7.060109289617486,0.7668786765803696,171142.9000067711,245770.688,0.28415300546448086,0.4438472334199289,164.0,
209,2014-05-10,7.060109289617486,0.7668786765803696,171142.9000067711,320544.763,0.28415300546448086,0.4438472334199289,164.0,
210,2014-05-10,7.060109289617486,0.7668786765803696,171142.9000067711,367679.184,0.28415300546448086,0.4438472334199289,164.0,
211,2014-05-11,7.042780748663102,0.7896136578112041,176555.31000733376,98184.436,0.2887700534759358,0.4406760273384998,168.0,
212,2014-05-11,7.042780748663102,0.7896136578112041,176555.31000733376,192998.835,0.2887700534759358,0.4406760273384998,168.0,
213,2014-05-11,7.042780748663102,0.7896136578112041,176555.31000733376,243829.531,0.2887700534759358,0.4406760273384998,168.0,
214,2014-05-11,7.042780748663102,0.7896136578112041,176555.31000733376,245805.104,0.2887700534759358,0.4406760273384998,168.0,
215,2014-05-11,7.042780748663102,0.7896136578112041,176555.31000733376,321770.36699999997,0.2887700534759358,0.4406760273384998,168.0,
216,2014-05-11,7.042780748663102,0.7896136578112041,176555.31000733376,365130.048,0.2887700534759358,0.4406760273384998,168.0,
217,2014-05-11,7.042780748663102,0.7896136578112041,176555.31000733376,367696.533,0.2887700534759358,0.4406760273384998,168.0,
218,2014-05-12,7.031413612565445,0.7843534990817139,184883.1280078888,101404.71899999998,0.28272251308900526,0.4331569858282395,,
219,2014-05-12,7.031413612565445,0.7843534990817139,184883.1280078888,196735.41,0.28272251308900526,0.4331569858282395,,
220,2014-05-12,7.031413612565445,0.7843534990817139,184883.1280078888,243907.06799999997,0.28272251308900526,0.4331569858282395,,
221,2014-05-12,7.031413612565445,0.7843534990817139,184883.1280078888,245830.58599999998,0.28272251308900526,0.4331569858282395,,
222,2014-05-12,7.031413612565445,0.7843534990817139,184883.1280078888,323986.621,0.28272251308900526,0.4331569858282395,,
223,2014-05-12,7.031413612565445,0.7843534990817139,184883.1280078888,366858.322,0.28272251308900526,0.4331569858282395,,
224,2014-05-12,7.031413612565445,0.7843534990817139,184883.1280078888,367379.223,0.28272251308900526,0.4331569858282395,,
225,2014-05-13,7.035897435897436,0.783326758711374,192303.6600081921,106548.84099999997,0.28717948717948716,0.43034845496383956,,
226,2014-05-13,7.035897435897436,0.783326758711374,192303.6600081921,199036.83000000002,0.28717948717948716,0.43034845496383956,,
227,2014-05-13,7.035897435897436,0.783326758711374,192303.6600081921,243907.06799999997,0.28717948717948716,0.43034845496383956,,
228,2014-05-13,7.035897435897436,0.783326758711374,192303.6600081921,245857.245,0.28717948717948716,0.43034845496383956,,
229,2014-05-13,7.035897435897436,0.783326758711374,192303.6600081921,325847.864,0.28717948717948716,0.43034845496383956,,
230,2014-05-13,7.035897435897436,0.783326758711374,192303.6600081921,366858.322,0.28717948717948716,0.43034845496383956,,
231,2014-05-14,7.015075376884422,0.7887174566298831,196528.97800803187,110079.75,0.2814070351758794,0.42332264336759173,123.0,
232,2014-05-14,7.015075376884422,0.7887174566298831,196528.97800803187,201407.69199999998,0.2814070351758794,0.42332264336759173,123.0,
233,2014-05-14,7.015075376884422,0.7887174566298831,196528.97800803187,243907.06799999997,0.2814070351758794,0.42332264336759173,123.0,
234,2014-05-14,7.015075376884422,0.7887174566298831,196528.97800803187,245883.45299999998,0.2814070351758794,0.42332264336759173,123.0,
235,2014-05-14,7.015075376884422,0.7887174566298831,196528.97800803187,326985.08499999996,0.2814070351758794,0.42332264336759173,123.0,
236,2014-05-15,7.004926108374384,0.7930791817321461,209607.153008461,111523.68800000001,0.28078817733990147,0.41869494527894396,,
237,2014-05-15,7.004926108374384,0.7930791817321461,209607.153008461,210332.913,0.28078817733990147,0.41869494527894396,,
238,2014-05-15,7.004926108374384,0.7930791817321461,209607.153008461,243950.447,0.28078817733990147,0.41869494527894396,,
239,2014-05-15,7.004926108374384,0.7930791817321461,209607.153008461,245906.667,0.28078817733990147,0.41869494527894396,,
240,2014-05-15,7.004926108374384,0.7930791817321461,209607.153008461,329073.912,0.28078817733990147,0.41869494527894396,,
241,2014-05-15,7.004926108374384,0.7930791817321461,209607.153008461,365130.048,0.28078817733990147,0.41869494527894396,,
242,2014-05-15,7.004926108374384,0.7930791817321461,209607.153008461,367379.223,0.28078817733990147,0.41869494527894396,,
243,2014-05-16,7.019323671497585,0.7918971271208198,218761.18800854683,114406.15999999999,0.2898550724637681,0.41839949590422176,124.0,
244,2014-05-16,7.019323671497585,0.7918971271208198,218761.18800854683,214861.56699999998,0.2898550724637681,0.41839949590422176,124.0,
245,2014-05-16,7.019323671497585,0.7918971271208198,218761.18800854683,244005.767,0.2898550724637681,0.41839949590422176,124.0,
246,2014-05-16,7.019323671497585,0.7918971271208198,218761.18800854683,245937.90099999998,0.2898550724637681,0.41839949590422176,124.0,
247,2014-05-16,7.019323671497585,0.7918971271208198,218761.18800854683,331523.132,0.2898550724637681,0.41839949590422176,124.0,
248,2014-05-16,7.019323671497585,0.7918971271208198,218761.18800854683,367379.223,0.2898550724637681,0.41839949590422176,124.0,
249,2014-05-17,7.033175355450237,0.7903685901035468,223490.79700946808,115427.644,,,126.0,
250,2014-05-17,7.033175355450237,0.7903685901035468,223490.79700946808,216545.414,,,126.0,
251,2014-05-17,7.033175355450237,0.7903685901035468,223490.79700946808,244187.75299999997,,,126.0,
252,2014-05-17,7.033175355450237,0.7903685901035468,223490.79700946808,245966.425,,,126.0,
253,2014-05-17,7.033175355450237,0.7903685901035468,223490.79700946808,333657.519,,,126.0,
254,2014-05-17,7.033175355450237,0.7903685901035468,223490.79700946808,365130.048,,,126.0,
255,2014-05-18,7.032558139534884,0.7849864791779337,230392.1480088234,116494.76699999999,,,127.0,
256,2014-05-18,7.032558139534884,0.7849864791779337,230392.1480088234,218534.025,,,127.0,
257,2014-05-18,7.032558139534884,0.7849864791779337,230392.1480088234,244219.85099999997,,,127.0,
258,2014-05-18,7.032558139534884,0.7849864791779337,230392.1480088234,245998.76799999998,,,127.0,
259,2014-05-18,7.032558139534884,0.7849864791779337,230392.1480088234,336673.62,,,127.0,
260,2014-05-18,7.032558139534884,0.7849864791779337,230392.1480088234,367347.799,,,127.0,
261,2014-05-18,7.032558139534884,0.7849864791779337,230392.1480088234,367379.223,,,127.0,
262,2014-05-19,7.041095890410959,0.7791330455995495,236348.49300909042,117140.06099999999,,,128.0,
263,2014-05-19,7.041095890410959,0.7791330455995495,236348.49300909042,220182.234,,,128.0,
264,2014-05-19,7.041095890410959,0.7791330455995495,236348.49300909042,244219.85099999997,,,128.0,
265,2014-05-19,7.041095890410959,0.7791330455995495,236348.49300909042,246031.94999999998,,,128.0,
266,2014-05-19,7.041095890410959,0.7791330455995495,236348.49300909042,339099.425,,,128.0,
267,2014-05-20,7.053811659192825,0.7773733636308795,247160.27200984955,118552.09,,,,
268,2014-05-20,7.053811659192825,0.7773733636308795,247160.27200984955,222176.35199999998,,,,
269,2014-05-20,7.053811659192825,0.7773733636308795,247160.27200984955,244259.10799999998,,,,
270,2014-05-20,7.053811659192825,0.7773733636308795,247160.27200984955,246063.069,,,,
271,2014-05-20,7.053811659192825,0.7773733636308795,247160.27200984955,345201.184,,,,
272,2014-05-20,7.053811659192825,0.7773733636308795,247160.27200984955,365130.048,,,,
273,2014-05-20,7.053811659192825,0.7773733636308795,247160.27200984955,367379.223,,,,
274,2014-05-21,7.052863436123348,0.7725358535970036,251319.87501025203,119212.805,,,132.0,
275,2014-05-21,7.052863436123348,0.7725358535970036,251319.87501025203,223752.781,,,132.0,
276,2014-05-21,7.052863436123348,0.7725358535970036,251319.87501025203,244259.10799999998,,,132.0,
277,2014-05-21,7.052863436123348,0.7725358535970036,251319.87501025203,246095.351,,,132.0,
278,2014-05-21,7.052863436123348,0.7725358535970036,251319.87501025203,346368.30700000003,,,132.0,
279,2014-05-21,7.052863436123348,0.7725358535970036,251319.87501025203,367696.533,,,132.0,
280,2014-05-22,7.0476190476190474,0.7726242011956298,258670.23900866508,121806.30799999999,,,132.0,
281,2014-05-22,7.0476190476190474,0.7726242011956298,258670.23900866508,225770.15999999997,,,132.0,
282,2014-05-22,7.0476190476190474,0.7726242011956298,258670.23900866508,244259.10799999998,,,132.0,
283,2014-05-22,7.0476190476190474,0.7726242011956298,258670.23900866508,246120.68399999998,,,132.0,
284,2014-05-22,7.0476190476190474,0.7726242011956298,258670.23900866508,348565.723,,,132.0,
285,2014-05-22,7.0476190476190474,0.7726242011956298,258670.23900866508,367379.223,,,132.0,
286,2014-05-22,7.0476190476190474,0.7726242011956298,258670.23900866508,367696.533,,,132.0,
287,2014-05-23,7.034042553191489,0.7903304662743325,263973.28600883484,124161.02999999998,,,133.0,
288,2014-05-23,7.034042553191489,0.7903304662743325,263973.28600883484,228178.13999999998,,,133.0,
289,2014-05-23,7.034042553191489,0.7903304662743325,263973.28600883484,246151.05199999997,,,133.0,
290,2014-05-23,7.034042553191489,0.7903304662743325,263973.28600883484,349531.209,,,133.0,
291,2014-05-23,7.034042553191489,0.7903304662743325,263973.28600883484,365138.16599999997,,,133.0,
292,2014-05-24,7.041841004184101,0.7848602090299541,271849.93900966644,126019.718,,,134.0,
293,2014-05-24,7.041841004184101,0.7848602090299541,271849.93900966644,230904.947,,,134.0,
294,2014-05-24,7.041841004184101,0.7848602090299541,271849.93900966644,244337.49599999998,,,134.0,
295,2014-05-24,7.041841004184101,0.7848602090299541,271849.93900966644,246766.46099999998,,,134.0,
296,2014-05-24,7.041841004184101,0.7848602090299541,271849.93900966644,352317.48699999996,,,134.0,
297,2014-05-24,7.041841004184101,0.7848602090299541,271849.93900966644,365269.397,,,134.0,
298,2014-05-24,7.041841004184101,0.7848602090299541,271849.93900966644,367379.223,,,134.0,
299,2014-05-25,7.053719008264463,0.7863704664981901,279963.0510084629,129019.708,,,134.0,
300,2014-05-25,7.053719008264463,0.7863704664981901,279963.0510084629,233390.38499999998,,,134.0,
301,2014-05-25,7.053719008264463,0.7863704664981901,279963.0510084629,244337.49599999998,,,134.0,
302,2014-05-25,7.053719008264463,0.7863704664981901,279963.0510084629,246797.79599999997,,,134.0,
303,2014-05-25,7.053719008264463,0.7863704664981901,279963.0510084629,354866.292,,,134.0,
304,2014-05-25,7.053719008264463,0.7863704664981901,279963.0510084629,365269.397,,,134.0,
305,2014-05-26,7.056910569105691,0.7772489920021151,286949.9610078335,130379.15100000001,,,135.0,
306,2014-05-26,7.056910569105691,0.7772489920021151,286949.9610078335,235467.60499999998,,,135.0,
307,2014-05-26,7.056910569105691,0.7772489920021151,286949.9610078335,244337.49599999998,,,135.0,
308,2014-05-26,7.056910569105691,0.7772489920021151,286949.9610078335,246831.136,,,135.0,
309,2014-05-26,7.056910569105691,0.7772489920021151,286949.9610078335,357244.279,,,135.0,
310,2014-05-26,7.056910569105691,0.7772489920021151,286949.9610078335,367785.168,,,135.0,
311,2014-05-27,7.036,0.794704,295441.044008255,134061.969,,,,
312,2014-05-27,7.036,0.794704,295441.044008255,238454.109,,,,
313,2014-05-27,7.036,0.794704,295441.044008255,244500.73799999998,,,,
314,2014-05-27,7.036,0.794704,295441.044008255,246857.33099999998,,,,
315,2014-05-27,7.036,0.794704,295441.044008255,360782.366,,,,
316,2014-05-27,7.036,0.794704,295441.044008255,367379.223,,,,
317,2014-05-27,7.036,0.794704,295441.044008255,367379.223,,,,
318,2014-05-27,7.036,0.794704,295441.044008255,367897.019,,,,
319,2014-05-28,7.0078740157480315,0.8345836691673382,306312.32700943947,142298.68,,,,
320,2014-05-28,7.0078740157480315,0.8345836691673382,306312.32700943947,241731.02999999997,,,,
321,2014-05-28,7.0078740157480315,0.8345836691673382,306312.32700943947,244667.971,,,,
322,2014-05-28,7.0078740157480315,0.8345836691673382,306312.32700943947,246907.321,,,,
323,2014-05-28,7.0078740157480315,0.8345836691673382,306312.32700943947,364993.457,,,,
324,2014-05-28,7.0078740157480315,0.8345836691673382,306312.32700943947,365366.099,,,,
325,2014-05-29,7.011627906976744,0.8331981251126734,,142317.415,,,,
326,2014-05-29,7.011627906976744,0.8331981251126734,,241860.321,,,,
327,2014-05-29,7.011627906976744,0.8331981251126734,,246908.34999999998,,,,
